method	dataset	time
TPOT-MDR+EKF	2w_10a_0.1	2380.6222603321075
TPOT-MDR+EKF	2w_10a_0.1	2334.49417924881
TPOT-MDR+EKF	2w_10a_0.1	2252.574453830719
TPOT-MDR+EKF	2w_10a_0.1	2237.8312816619873
TPOT-MDR+EKF	2w_10a_0.1	2313.1494810581207
TPOT-MDR+EKF	2w_10a_0.1	2280.881683111191
TPOT-MDR+EKF	2w_10a_0.1	2258.121450662613
TPOT-MDR+EKF	2w_10a_0.1	1970.9983608722687
TPOT-MDR+EKF	2w_10a_0.1	2142.44535946846
TPOT-MDR+EKF	2w_10a_0.1	2331.2675201892853
TPOT-MDR+EKF	2w_10a_0.1	2321.734193086624
TPOT-MDR+EKF	2w_10a_0.1	2307.5910539627075
TPOT-MDR+EKF	2w_10a_0.1	2377.039494752884
TPOT-MDR+EKF	2w_10a_0.1	2265.7314076423645
TPOT-MDR+EKF	2w_10a_0.1	2242.7829105854034
TPOT-MDR+EKF	2w_10a_0.1	2308.9153637886047
TPOT-MDR+EKF	2w_10a_0.2	7485.838893175125
TPOT-MDR+EKF	2w_10a_0.2	1249.9511725902557
TPOT-MDR+EKF	2w_10a_0.2	2560.58855676651
TPOT-MDR+EKF	2w_10a_0.2	2525.0030772686005
TPOT-MDR+EKF	2w_10a_0.2	2599.821295261383
TPOT-MDR+EKF	2w_10a_0.2	2561.162618160248
TPOT-MDR+EKF	2w_10a_0.2	2531.3651621341705
TPOT-MDR+EKF	2w_10a_0.2	2537.666591644287
TPOT-MDR+EKF	2w_10a_0.2	2574.88658952713
TPOT-MDR+EKF	2w_10a_0.2	2501.2779920101166
TPOT-MDR+EKF	2w_10a_0.2	2620.4917709827423
TPOT-MDR+EKF	2w_10a_0.2	2362.135746717453
TPOT-MDR+EKF	2w_10a_0.2	2706.7317485809326
TPOT-MDR+EKF	2w_10a_0.2	2493.9858210086823
TPOT-MDR+EKF	2w_10a_0.2	2601.531102657318
TPOT-MDR+EKF	2w_10a_0.4	62909.615359544754
TPOT-MDR+EKF	2w_100a_0.05	9765.603808403015
TPOT-MDR+EKF	2w_100a_0.05	10786.280141830444
TPOT-MDR+EKF	2w_100a_0.05	9111.428318738937
TPOT-MDR+EKF	2w_100a_0.05	10561.315143585205
TPOT-MDR+EKF	2w_100a_0.05	11179.81799697876
TPOT-MDR+EKF	2w_100a_0.05	13219.228137731552
TPOT-MDR+EKF	2w_100a_0.05	10486.188176870346
TPOT-MDR+EKF	2w_100a_0.05	27444.910268306732
TPOT-MDR+EKF	2w_100a_0.05	11750.593908309937
TPOT-MDR+EKF	2w_100a_0.05	10507.408168554306
TPOT-MDR+EKF	2w_100a_0.05	9897.635035514832
TPOT-MDR+EKF	2w_100a_0.05	11276.819428920746
TPOT-MDR+EKF	2w_100a_0.05	8835.816257715225
TPOT-MDR+EKF	2w_100a_0.05	11370.39859342575
TPOT-MDR+EKF	2w_100a_0.05	12327.555395364761
TPOT-MDR+EKF	2w_100a_0.05	8137.748263120651
TPOT-MDR+EKF	2w_100a_0.05	9596.29233789444
TPOT-MDR+EKF	2w_100a_0.05	8812.355873346329
TPOT-MDR+EKF	2w_100a_0.05	8701.367886304855
TPOT-MDR+EKF	2w_100a_0.05	9938.775772094727
TPOT-MDR+EKF	2w_100a_0.05	9974.964035749435
TPOT-MDR+EKF	2w_100a_0.05	9636.57368350029
TPOT-MDR+EKF	2w_100a_0.05	10349.48310804367
TPOT-MDR+EKF	2w_100a_0.05	9880.714288711548
TPOT-MDR+EKF	2w_100a_0.05	9537.54589009285
TPOT-MDR+EKF	2w_100a_0.05	9326.441231250763
TPOT-MDR+EKF	2w_100a_0.05	11304.688829421997
TPOT-MDR+EKF	2w_100a_0.05	14415.773501873016
TPOT-MDR+EKF	2w_100a_0.05	10585.2122900486
TPOT-MDR+EKF	2w_100a_0.05	11483.325766086578
TPOT-MDR+EKF	2w_100a_0.1	12358.504590272903
TPOT-MDR+EKF	2w_100a_0.1	12908.938380718231
TPOT-MDR+EKF	2w_100a_0.1	12166.866582632065
TPOT-MDR+EKF	2w_100a_0.1	13642.143530368805
TPOT-MDR+EKF	2w_100a_0.1	12989.573455095291
TPOT-MDR+EKF	2w_100a_0.1	14016.457938194275
TPOT-MDR+EKF	2w_100a_0.1	12763.876881599426
TPOT-MDR+EKF	2w_100a_0.1	13533.455290317535
TPOT-MDR+EKF	2w_100a_0.1	12458.651628017426
TPOT-MDR+EKF	2w_100a_0.1	13095.411866903305
TPOT-MDR+EKF	2w_100a_0.1	11794.093660593033
TPOT-MDR+EKF	2w_100a_0.1	12833.593533754349
TPOT-MDR+EKF	2w_100a_0.1	11873.145723342896
TPOT-MDR+EKF	2w_100a_0.1	13078.527012348175
TPOT-MDR+EKF	2w_100a_0.1	12951.806144952774
TPOT-MDR+EKF	2w_100a_0.1	11777.159096956253
TPOT-MDR+EKF	2w_100a_0.1	13050.923760414124
TPOT-MDR+EKF	2w_100a_0.1	12595.737459659576
TPOT-MDR+EKF	2w_100a_0.1	13268.327289104462
TPOT-MDR+EKF	2w_100a_0.1	12632.888777017593
TPOT-MDR+EKF	2w_100a_0.1	13875.769478559494
TPOT-MDR+EKF	2w_100a_0.1	13101.947719573975
TPOT-MDR+EKF	2w_100a_0.1	13215.636462926865
TPOT-MDR+EKF	2w_100a_0.1	11205.300855875015
TPOT-MDR+EKF	2w_100a_0.1	12457.72057723999
TPOT-MDR+EKF	2w_100a_0.1	13566.922425746918
TPOT-MDR+EKF	2w_100a_0.1	13900.523497581482
TPOT-MDR+EKF	2w_100a_0.1	12113.386101722717
TPOT-MDR+EKF	2w_100a_0.1	11979.24688410759
TPOT-MDR+EKF	2w_100a_0.1	12592.498053789139
TPOT-MDR+EKF	2w_100a_0.2	14601.56957745552
TPOT-MDR+EKF	2w_100a_0.2	14199.234145641327
TPOT-MDR+EKF	2w_100a_0.2	13420.708252191544
TPOT-MDR+EKF	2w_100a_0.2	14934.050684690475
TPOT-MDR+EKF	2w_100a_0.2	14274.784293413162
TPOT-MDR+EKF	2w_100a_0.2	13257.284346103668
TPOT-MDR+EKF	2w_100a_0.2	14498.535345554352
TPOT-MDR+EKF	2w_100a_0.2	14168.462720394135
TPOT-MDR+EKF	2w_100a_0.2	14230.708290576935
TPOT-MDR+EKF	2w_100a_0.2	14653.998170137405
TPOT-MDR+EKF	2w_100a_0.2	14373.070756435394
TPOT-MDR+EKF	2w_100a_0.2	15002.415177345276
TPOT-MDR+EKF	2w_100a_0.2	14075.216443300247
TPOT-MDR+EKF	2w_100a_0.2	13928.915646076202
TPOT-MDR+EKF	2w_100a_0.2	14522.951064109802
TPOT-MDR+EKF	2w_100a_0.2	13797.397414445877
TPOT-MDR+EKF	2w_100a_0.2	14818.895698070526
TPOT-MDR+EKF	2w_100a_0.2	14308.422711849213
TPOT-MDR+EKF	2w_100a_0.2	14501.354273796082
TPOT-MDR+EKF	2w_100a_0.2	14038.35398197174
TPOT-MDR+EKF	2w_100a_0.2	14317.35732126236
TPOT-MDR+EKF	2w_100a_0.2	12882.56039261818
TPOT-MDR+EKF	2w_100a_0.2	14020.398083686829
TPOT-MDR+EKF	2w_100a_0.2	13275.656422138214
TPOT-MDR+EKF	2w_100a_0.2	13320.200354337692
TPOT-MDR+EKF	2w_100a_0.2	14044.509689569473
TPOT-MDR+EKF	2w_100a_0.2	14314.465290307999
TPOT-MDR+EKF	2w_100a_0.2	14179.583494663239
TPOT-MDR+EKF	2w_100a_0.2	14259.021048545837
TPOT-MDR+EKF	2w_100a_0.2	14618.165988206863
TPOT-MDR+EKF	2w_100a_0.4	13856.905254364014
TPOT-MDR+EKF	2w_100a_0.4	10044.493652582169
TPOT-MDR+EKF	2w_100a_0.4	10030.127361059189
TPOT-MDR+EKF	2w_100a_0.4	10080.54543375969
TPOT-MDR+EKF	2w_100a_0.4	9016.22074341774
TPOT-MDR+EKF	2w_100a_0.4	10594.017663002014
TPOT-MDR+EKF	2w_100a_0.4	10335.228642463684
TPOT-MDR+EKF	2w_100a_0.4	10280.746104717255
TPOT-MDR+EKF	2w_100a_0.4	13566.691701889038
TPOT-MDR+EKF	2w_100a_0.4	13079.150099992752
TPOT-MDR+EKF	2w_100a_0.4	13945.795640230179
TPOT-MDR+EKF	2w_100a_0.4	13538.107555627823
TPOT-MDR+EKF	2w_100a_0.4	10354.263531923294
TPOT-MDR+EKF	2w_100a_0.4	12764.37797832489
TPOT-MDR+EKF	2w_100a_0.4	14218.95050239563
TPOT-MDR+EKF	2w_100a_0.4	12829.417257070541
TPOT-MDR+EKF	2w_100a_0.4	13989.657942533493
TPOT-MDR+EKF	2w_100a_0.4	13827.41427063942
TPOT-MDR+EKF	2w_100a_0.4	14261.896759748459
TPOT-MDR+EKF	2w_100a_0.4	13822.700658082962
TPOT-MDR+EKF	2w_100a_0.4	14317.853911399841
TPOT-MDR+EKF	2w_100a_0.4	12819.083008289337
TPOT-MDR+EKF	2w_100a_0.4	9844.751127958298
TPOT-MDR+EKF	2w_100a_0.4	14412.788229942322
TPOT-MDR+EKF	2w_100a_0.4	11997.668880701065
TPOT-MDR+EKF	2w_100a_0.4	10502.275451660156
TPOT-MDR+EKF	2w_100a_0.4	9516.321986913681
TPOT-MDR+EKF	2w_100a_0.4	10303.23115825653
TPOT-MDR+EKF	2w_100a_0.4	10058.865308523178
TPOT-MDR+EKF	2w_100a_0.4	9721.085823774338
TPOT-MDR+EKF	2w_1000a_0.05	81462.59207129478
TPOT-MDR+EKF	2w_1000a_0.05	91094.34070968628
TPOT-MDR+EKF	2w_1000a_0.05	192865.8175213337
TPOT-MDR+EKF	2w_1000a_0.05	90542.74514436722
TPOT-MDR+EKF	2w_1000a_0.05	87183.96768331528
TPOT-MDR+EKF	2w_1000a_0.05	77881.73992538452
TPOT-MDR+EKF	2w_1000a_0.05	79944.53611683846
TPOT-MDR+EKF	2w_1000a_0.05	92050.23874807358
TPOT-MDR+EKF	2w_1000a_0.05	70123.6690416336
TPOT-MDR+EKF	2w_1000a_0.05	89987.95850634575
TPOT-MDR+EKF	2w_1000a_0.05	88077.87633395195
TPOT-MDR+EKF	2w_1000a_0.05	85801.57709908485
TPOT-MDR+EKF	2w_1000a_0.05	105974.97849392891
TPOT-MDR+EKF	2w_1000a_0.05	90190.3479487896
TPOT-MDR+EKF	2w_1000a_0.05	90577.65947675705
TPOT-MDR+EKF	2w_1000a_0.05	88454.36161637306
TPOT-MDR+EKF	2w_1000a_0.05	93498.40839314461
TPOT-MDR+EKF	2w_1000a_0.05	91401.03829932213
TPOT-MDR+EKF	2w_1000a_0.05	90167.16211819649
TPOT-MDR+EKF	2w_1000a_0.05	86444.1052582264
TPOT-MDR+EKF	2w_1000a_0.05	111966.68986654282
TPOT-MDR+EKF	2w_1000a_0.05	87494.04326915741
TPOT-MDR+EKF	2w_1000a_0.05	71340.17628931999
TPOT-MDR+EKF	2w_1000a_0.05	90401.60359454155
TPOT-MDR+EKF	2w_1000a_0.05	79730.99583673477
TPOT-MDR+EKF	2w_1000a_0.05	77249.94740533829
TPOT-MDR+EKF	2w_1000a_0.05	78959.80233621597
TPOT-MDR+EKF	2w_1000a_0.05	80434.66309595108
TPOT-MDR+EKF	2w_1000a_0.05	76153.56913423538
TPOT-MDR+EKF	2w_1000a_0.05	92613.92129969597
TPOT-MDR+EKF	2w_1000a_0.1	74906.05497169495
TPOT-MDR+EKF	2w_1000a_0.1	80033.15921020508
TPOT-MDR+EKF	2w_1000a_0.1	75917.69542145729
TPOT-MDR+EKF	2w_1000a_0.1	72859.1520371437
TPOT-MDR+EKF	2w_1000a_0.1	68139.6014316082
TPOT-MDR+EKF	2w_1000a_0.1	69520.37060284615
TPOT-MDR+EKF	2w_1000a_0.1	69951.96667933464
TPOT-MDR+EKF	2w_1000a_0.1	72858.38635134697
TPOT-MDR+EKF	2w_1000a_0.1	70110.9307911396
TPOT-MDR+EKF	2w_1000a_0.1	76608.66928386688
TPOT-MDR+EKF	2w_1000a_0.1	78243.08440423012
TPOT-MDR+EKF	2w_1000a_0.1	78735.95867013931
TPOT-MDR+EKF	2w_1000a_0.1	77022.00638747215
TPOT-MDR+EKF	2w_1000a_0.1	78728.24903297424
TPOT-MDR+EKF	2w_1000a_0.1	76794.44317507744
TPOT-MDR+EKF	2w_1000a_0.1	74306.6187183857
TPOT-MDR+EKF	2w_1000a_0.1	75116.76998376846
TPOT-MDR+EKF	2w_1000a_0.1	74509.75705623627
TPOT-MDR+EKF	2w_1000a_0.1	76127.51663303375
TPOT-MDR+EKF	2w_1000a_0.1	66756.5053498745
TPOT-MDR+EKF	2w_1000a_0.1	75381.30421686172
TPOT-MDR+EKF	2w_1000a_0.1	72620.23531532288
TPOT-MDR+EKF	2w_1000a_0.1	79575.15793704987
TPOT-MDR+EKF	2w_1000a_0.1	74948.87272500992
TPOT-MDR+EKF	2w_1000a_0.1	68241.30568051338
TPOT-MDR+EKF	2w_1000a_0.1	75496.86581468582
TPOT-MDR+EKF	2w_1000a_0.1	77248.41843867302
TPOT-MDR+EKF	2w_1000a_0.1	67280.38448500633
TPOT-MDR+EKF	2w_1000a_0.1	77241.3923676014
TPOT-MDR+EKF	2w_1000a_0.1	70627.12258219719
TPOT-MDR+EKF	2w_1000a_0.2	66932.76972413063
TPOT-MDR+EKF	2w_1000a_0.2	69562.78469467163
TPOT-MDR+EKF	2w_1000a_0.2	69068.25348973274
TPOT-MDR+EKF	2w_1000a_0.2	73339.99076986313
TPOT-MDR+EKF	2w_1000a_0.2	73566.04210829735
TPOT-MDR+EKF	2w_1000a_0.2	58876.20119428635
TPOT-MDR+EKF	2w_1000a_0.2	73959.46747684479
TPOT-MDR+EKF	2w_1000a_0.2	57654.14665412903
TPOT-MDR+EKF	2w_1000a_0.2	75707.50353622437
TPOT-MDR+EKF	2w_1000a_0.2	72823.0788488388
TPOT-MDR+EKF	2w_1000a_0.2	64744.00861930847
TPOT-MDR+EKF	2w_1000a_0.2	71227.11365222931
TPOT-MDR+EKF	2w_1000a_0.2	76956.8134689331
TPOT-MDR+EKF	2w_1000a_0.2	74257.81331825256
TPOT-MDR+EKF	2w_1000a_0.2	74328.50529360771
TPOT-MDR+EKF	2w_1000a_0.2	71000.56696653366
TPOT-MDR+EKF	2w_1000a_0.2	72428.04151201248
TPOT-MDR+EKF	2w_1000a_0.2	75538.81632232666
TPOT-MDR+EKF	2w_1000a_0.2	75358.66651272774
TPOT-MDR+EKF	2w_1000a_0.2	65642.34167075157
TPOT-MDR+EKF	2w_1000a_0.2	59777.4682404995
TPOT-MDR+EKF	2w_1000a_0.2	68901.22555780411
TPOT-MDR+EKF	2w_1000a_0.2	57485.1694111824
TPOT-MDR+EKF	2w_1000a_0.2	67167.69490766525
TPOT-MDR+EKF	2w_1000a_0.2	64501.13121533394
TPOT-MDR+EKF	2w_1000a_0.2	67635.985414505
TPOT-MDR+EKF	2w_1000a_0.2	60893.22149157524
TPOT-MDR+EKF	2w_1000a_0.2	70622.61762094498
TPOT-MDR+EKF	2w_1000a_0.2	74897.67870116234
TPOT-MDR+EKF	2w_1000a_0.2	74172.01419615746
TPOT-MDR+EKF	2w_1000a_0.4	52112.16174411774
TPOT-MDR+EKF	2w_1000a_0.4	64704.63207030296
TPOT-MDR+EKF	2w_1000a_0.4	88523.055945158
TPOT-MDR+EKF	2w_1000a_0.4	61018.264308691025
TPOT-MDR+EKF	2w_1000a_0.4	64473.00810146332
TPOT-MDR+EKF	2w_1000a_0.4	68979.1699950695
TPOT-MDR+EKF	2w_1000a_0.4	62866.18029713631
TPOT-MDR+EKF	2w_1000a_0.4	60084.144990205765
TPOT-MDR+EKF	2w_1000a_0.4	64223.46321797371
TPOT-MDR+EKF	2w_1000a_0.4	62197.380957603455
TPOT-MDR+EKF	2w_1000a_0.4	64012.4523601532
TPOT-MDR+EKF	2w_1000a_0.4	80214.9516158104
TPOT-MDR+EKF	2w_1000a_0.4	67886.19239926338
TPOT-MDR+EKF	2w_1000a_0.4	65293.37091565132
TPOT-MDR+EKF	2w_1000a_0.4	62700.150488615036
TPOT-MDR+EKF	2w_1000a_0.4	63557.913701057434
TPOT-MDR+EKF	2w_1000a_0.4	70542.86590838432
TPOT-MDR+EKF	2w_1000a_0.4	71126.3351225853
TPOT-MDR+EKF	2w_1000a_0.4	65024.980919122696
TPOT-MDR+EKF	2w_1000a_0.4	65377.77439928055
TPOT-MDR+EKF	2w_1000a_0.4	63560.03333878517
TPOT-MDR+EKF	2w_1000a_0.4	70469.07890152931
TPOT-MDR+EKF	2w_1000a_0.4	60569.049273729324
TPOT-MDR+EKF	2w_1000a_0.4	67745.33012914658
TPOT-MDR+EKF	2w_1000a_0.4	181485.67315125465
TPOT-MDR+EKF	2w_1000a_0.4	71460.42331409454
TPOT-MDR+EKF	2w_1000a_0.4	72791.86449670792
TPOT-MDR+EKF	2w_1000a_0.4	58465.07081103325
TPOT-MDR+EKF	2w_1000a_0.4	69511.13811635971
TPOT-MDR+EKF	2w_1000a_0.4	66388.69638323784
TPOT-MDR+EKF	2w_5000a_0.05	16362.169193029404
TPOT-MDR+EKF	2w_5000a_0.05	14918.23029255867
TPOT-MDR+EKF	2w_5000a_0.05	16381.267795085907
TPOT-MDR+EKF	2w_5000a_0.05	14317.665385246277
TPOT-MDR+EKF	2w_5000a_0.05	16698.945361852646
TPOT-MDR+EKF	2w_5000a_0.05	16543.99865102768
TPOT-MDR+EKF	2w_5000a_0.05	17105.004712820053
TPOT-MDR+EKF	2w_5000a_0.05	18315.30422616005
TPOT-MDR+EKF	2w_5000a_0.05	15605.0366024971
TPOT-MDR+EKF	2w_5000a_0.05	16297.785691022873
TPOT-MDR+EKF	2w_5000a_0.05	18159.07026028633
TPOT-MDR+EKF	2w_5000a_0.05	16094.77191066742
TPOT-MDR+EKF	2w_5000a_0.05	15615.341827630997
TPOT-MDR+EKF	2w_5000a_0.05	15119.540071964264
TPOT-MDR+EKF	2w_5000a_0.05	16035.509440422058
TPOT-MDR+EKF	2w_5000a_0.05	15664.440256595612
TPOT-MDR+EKF	2w_5000a_0.05	14523.325567483902
TPOT-MDR+EKF	2w_5000a_0.05	15469.59536242485
TPOT-MDR+EKF	2w_5000a_0.05	17569.8026740551
TPOT-MDR+EKF	2w_5000a_0.05	15014.207329034805
TPOT-MDR+EKF	2w_5000a_0.05	14511.999705553055
TPOT-MDR+EKF	2w_5000a_0.05	15994.479736804962
TPOT-MDR+EKF	2w_5000a_0.05	15714.052104711533
TPOT-MDR+EKF	2w_5000a_0.05	15954.777651309967
TPOT-MDR+EKF	2w_5000a_0.05	17217.726467609406
TPOT-MDR+EKF	2w_5000a_0.05	15397.578466415405
TPOT-MDR+EKF	2w_5000a_0.05	18180.89323282242
TPOT-MDR+EKF	2w_5000a_0.05	15571.427877426147
TPOT-MDR+EKF	2w_5000a_0.05	17105.659432649612
TPOT-MDR+EKF	2w_5000a_0.05	15819.597702741623
TPOT-MDR+EKF	2w_5000a_0.1	29906.245193481445
TPOT-MDR+EKF	2w_5000a_0.1	6662.192662239075
TPOT-MDR+EKF	2w_5000a_0.1	28514.092710256577
TPOT-MDR+EKF	2w_5000a_0.1	28040.547800064087
TPOT-MDR+EKF	2w_5000a_0.1	27264.570137023926
TPOT-MDR+EKF	2w_5000a_0.1	28259.633966207504
TPOT-MDR+EKF	2w_5000a_0.1	30434.609243392944
TPOT-MDR+EKF	2w_5000a_0.1	30199.690890312195
TPOT-MDR+EKF	2w_5000a_0.1	29571.559485197067
TPOT-MDR+EKF	2w_5000a_0.1	30247.497747659683
TPOT-MDR+EKF	2w_5000a_0.1	29129.25142645836
TPOT-MDR+EKF	2w_5000a_0.1	30228.58873820305
TPOT-MDR+EKF	2w_5000a_0.1	29353.178016901016
TPOT-MDR+EKF	2w_5000a_0.1	30430.778995275497
TPOT-MDR+EKF	2w_5000a_0.1	30004.544826745987
TPOT-MDR+EKF	2w_5000a_0.1	29893.9129011631
TPOT-MDR+EKF	2w_5000a_0.1	29549.809025764465
TPOT-MDR+EKF	2w_5000a_0.1	27595.17416214943
TPOT-MDR+EKF	2w_5000a_0.1	26650.81843471527
TPOT-MDR+EKF	2w_5000a_0.1	30423.118597507477
TPOT-MDR+EKF	2w_5000a_0.1	29285.972962141037
TPOT-MDR+EKF	2w_5000a_0.1	29870.233951568604
TPOT-MDR+EKF	2w_5000a_0.1	30427.24372124672
TPOT-MDR+EKF	2w_5000a_0.1	30254.577054977417
TPOT-MDR+EKF	2w_5000a_0.1	29692.007316827774
TPOT-MDR+EKF	2w_5000a_0.1	30270.784346580505
TPOT-MDR+EKF	2w_5000a_0.1	29357.828342199326
TPOT-MDR+EKF	2w_5000a_0.2	61222.6731877327
TPOT-MDR+EKF	2w_5000a_0.2	58294.22866463661
TPOT-MDR+EKF	2w_5000a_0.2	68911.75346589088
TPOT-MDR+EKF	2w_5000a_0.2	63284.3256649971
TPOT-MDR+EKF	2w_5000a_0.2	60323.29013800621
TPOT-MDR+EKF	2w_5000a_0.2	74626.2033598423
TPOT-MDR	2w_10a_0.05	1844.1610906124115
TPOT-MDR	2w_10a_0.05	1394.0411429405212
TPOT-MDR	2w_10a_0.05	1789.6126735210419
TPOT-MDR	2w_10a_0.05	1826.304925441742
TPOT-MDR	2w_10a_0.05	1817.2829203605652
TPOT-MDR	2w_10a_0.05	1798.0136168003082
TPOT-MDR	2w_10a_0.05	1812.2635025978088
TPOT-MDR	2w_10a_0.05	1827.224854707718
TPOT-MDR	2w_10a_0.05	1737.8055067062378
TPOT-MDR	2w_10a_0.05	10200.766900539398
TPOT-MDR	2w_10a_0.05	1741.741840839386
TPOT-MDR	2w_10a_0.05	1770.5265488624573
TPOT-MDR	2w_10a_0.05	1833.5855658054352
TPOT-MDR	2w_10a_0.05	1745.2286219596863
TPOT-MDR	2w_10a_0.05	1806.6998128890991
TPOT-MDR	2w_10a_0.05	1812.8905625343323
TPOT-MDR	2w_10a_0.05	1791.2526814937592
TPOT-MDR	2w_10a_0.05	1841.776874780655
TPOT-MDR	2w_10a_0.05	1763.2636215686798
TPOT-MDR	2w_10a_0.05	1423.1346764564514
TPOT-MDR	2w_10a_0.05	1444.5690982341766
TPOT-MDR	2w_10a_0.05	1463.6588163375854
TPOT-MDR	2w_10a_0.1	1700.6240916252136
TPOT-MDR	2w_10a_0.1	1681.3668687343597
TPOT-MDR	2w_10a_0.1	1751.2269141674042
TPOT-MDR	2w_10a_0.1	1661.4110324382782
TPOT-MDR	2w_10a_0.1	1677.6964049339294
TPOT-MDR	2w_10a_0.1	1683.7828147411346
TPOT-MDR	2w_10a_0.1	1589.3742084503174
TPOT-MDR	2w_10a_0.1	1691.1453695297241
TPOT-MDR	2w_10a_0.1	1672.4876623153687
TPOT-MDR	2w_10a_0.1	1721.716340303421
TPOT-MDR	2w_10a_0.1	1666.2128946781158
TPOT-MDR	2w_10a_0.1	1688.421148777008
TPOT-MDR	2w_10a_0.2	1860.5729904174805
TPOT-MDR	2w_10a_0.2	1924.5105154514313
TPOT-MDR	2w_10a_0.2	1845.9704070091248
TPOT-MDR	2w_10a_0.2	1930.6707127094269
TPOT-MDR	2w_10a_0.2	1851.800081729889
TPOT-MDR	2w_10a_0.2	1739.3352408409119
TPOT-MDR	2w_10a_0.2	1891.5751812458038
TPOT-MDR	2w_10a_0.2	1839.8645145893097
TPOT-MDR	2w_10a_0.2	1811.3753242492676
TPOT-MDR	2w_10a_0.2	1884.5362839698792
TPOT-MDR	2w_10a_0.2	1829.0144238471985
TPOT-MDR	2w_10a_0.2	1857.6903939247131
TPOT-MDR	2w_10a_0.2	1832.5939984321594
TPOT-MDR	2w_10a_0.2	1892.6514303684235
TPOT-MDR	2w_10a_0.2	1803.7628264427185
TPOT-MDR	2w_10a_0.2	70.68883419036865
TPOT-MDR	2w_10a_0.2	72.37864470481873
TPOT-MDR	2w_10a_0.2	73.11370205879211
TPOT-MDR	2w_10a_0.2	1983.4133081436157
TPOT-MDR	2w_10a_0.2	1905.1545906066895
TPOT-MDR	2w_10a_0.2	1920.385071516037
TPOT-MDR	2w_10a_0.2	1867.8178794384003
TPOT-MDR	2w_10a_0.2	1853.1231088638306
TPOT-MDR	2w_10a_0.2	1907.5218336582184
TPOT-MDR	2w_10a_0.4	2316.531757593155
TPOT-MDR	2w_10a_0.4	2343.6484739780426
TPOT-MDR	2w_10a_0.4	2387.333629131317
TPOT-MDR	2w_10a_0.4	2316.646210670471
TPOT-MDR	2w_10a_0.4	2245.7032494544983
TPOT-MDR	2w_10a_0.4	2340.7609305381775
TPOT-MDR	2w_10a_0.4	2389.1576404571533
TPOT-MDR	2w_10a_0.4	2375.4114434719086
TPOT-MDR	2w_10a_0.4	2217.816557407379
TPOT-MDR	2w_10a_0.4	2397.160571575165
TPOT-MDR	2w_10a_0.4	2553.3145995140076
TPOT-MDR	2w_10a_0.4	2283.8235580921173
TPOT-MDR	2w_10a_0.4	2394.0122499465942
TPOT-MDR	2w_10a_0.4	2391.3313601017
TPOT-MDR	2w_10a_0.4	2391.1915411949158
TPOT-MDR	2w_10a_0.4	2339.0229017734528
TPOT-MDR	2w_10a_0.4	1829.0201439857483
TPOT-MDR	2w_10a_0.4	1858.0357143878937
TPOT-MDR	2w_10a_0.4	2395.0457446575165
TPOT-MDR	2w_10a_0.4	1862.3853158950806
TPOT-MDR	2w_10a_0.4	2335.493031024933
TPOT-MDR	2w_10a_0.4	2345.3532700538635
TPOT-MDR	2w_10a_0.4	2285.967312335968
TPOT-MDR	2w_10a_0.4	2269.3683910369873
TPOT-MDR	2w_10a_0.4	2285.2640631198883
TPOT-MDR	2w_100a_0.05	1717.21733045578
TPOT-MDR	2w_100a_0.05	1770.25368642807
TPOT-MDR	2w_100a_0.1	2920.6144132614136
TPOT-MDR	2w_100a_0.1	2863.761113882065
TPOT-MDR	2w_100a_0.1	2690.4248609542847
TPOT-MDR	2w_100a_0.1	2849.3154418468475
TPOT-MDR	2w_100a_0.1	2841.352095603943
TPOT-MDR	2w_100a_0.1	2619.1487255096436
TPOT-MDR	2w_100a_0.1	2813.7163054943085
TPOT-MDR	2w_100a_0.1	2816.338479757309
TPOT-MDR	2w_100a_0.1	2912.1921989917755
TPOT-MDR	2w_100a_0.1	2829.40235042572
TPOT-MDR	2w_100a_0.1	2891.2819652557373
TPOT-MDR	2w_100a_0.1	2776.2439937591553
TPOT-MDR	2w_100a_0.1	2656.7537195682526
TPOT-MDR	2w_100a_0.1	2523.6839480400085
TPOT-MDR	2w_100a_0.1	2467.8751740455627
TPOT-MDR	2w_100a_0.1	2407.327091693878
TPOT-MDR	2w_100a_0.1	2513.368856906891
TPOT-MDR	2w_100a_0.1	2886.098895072937
TPOT-MDR	2w_100a_0.1	2834.279720067978
TPOT-MDR	2w_100a_0.1	2883.1134333610535
TPOT-MDR	2w_100a_0.1	2873.7833845615387
TPOT-MDR	2w_100a_0.1	2900.267741918564
TPOT-MDR	2w_100a_0.2	1375.173936367035
TPOT-MDR	2w_100a_0.2	1344.5646448135376
TPOT-MDR	2w_100a_0.2	1447.2607011795044
TPOT-MDR	2w_100a_0.4	2262.9127674102783
TPOT-MDR	2w_100a_0.4	2307.2232303619385
TPOT-MDR	2w_100a_0.4	2322.143874645233
TPOT-MDR	2w_100a_0.4	15039.112166643143
TPOT-MDR	2w_100a_0.4	2322.601076364517
TPOT-MDR	2w_100a_0.4	2266.4580883979797
TPOT-MDR	2w_100a_0.4	2364.112937927246
TPOT-MDR	2w_100a_0.4	2238.8273215293884
TPOT-MDR	2w_100a_0.4	2316.5184347629547
TPOT-MDR	2w_100a_0.4	2380.6621854305267
TPOT-MDR	2w_100a_0.4	2262.6237087249756
TPOT-MDR	2w_100a_0.4	2305.1925687789917
TPOT-MDR	2w_100a_0.4	2267.380773305893
TPOT-MDR	2w_100a_0.4	2267.8227829933167
TPOT-MDR	2w_100a_0.4	2168.682877063751
TPOT-MDR	2w_100a_0.4	2319.1875195503235
TPOT-MDR	2w_100a_0.4	2307.8099620342255
TPOT-MDR	2w_100a_0.4	2336.130950450897
TPOT-MDR	2w_1000a_0.05	41762.5411503315
TPOT-MDR	2w_1000a_0.05	102932.16221928596
TPOT-MDR	2w_1000a_0.05	74931.68118047714
TPOT-MDR	2w_1000a_0.05	19975.13377737999
TPOT-MDR	2w_1000a_0.05	86231.8560116291
TPOT-MDR	2w_1000a_0.05	93179.74976372719
TPOT-MDR	2w_1000a_0.05	19802.196606636047
TPOT-MDR	2w_1000a_0.05	116030.2546377182
TPOT-MDR	2w_1000a_0.05	79471.55328726768
TPOT-MDR	2w_1000a_0.05	155843.3016951084
TPOT-MDR	2w_1000a_0.05	106097.97506833076
TPOT-MDR	2w_1000a_0.05	19767.647961854935
TPOT-MDR	2w_1000a_0.05	84598.47296094894
TPOT-MDR	2w_1000a_0.05	42322.80372810364
TPOT-MDR	2w_1000a_0.05	28520.131992340088
TPOT-MDR	2w_1000a_0.05	41570.688986063
TPOT-MDR	2w_1000a_0.05	19852.95282793045
TPOT-MDR	2w_1000a_0.05	90337.83264660835
TPOT-MDR	2w_1000a_0.05	116644.29233503342
TPOT-MDR	2w_1000a_0.05	19434.062848329544
TPOT-MDR	2w_1000a_0.05	95794.31284856796
TPOT-MDR	2w_1000a_0.05	89897.36928486824
TPOT-MDR	2w_1000a_0.05	19780.541804790497
TPOT-MDR	2w_1000a_0.05	82036.21498703957
TPOT-MDR	2w_1000a_0.05	92297.63163495064
TPOT-MDR	2w_1000a_0.05	42121.52436590195
TPOT-MDR	2w_1000a_0.05	28902.0172791481
TPOT-MDR	2w_1000a_0.05	19608.60756468773
TPOT-MDR	2w_1000a_0.1	93306.28679347038
TPOT-MDR	2w_1000a_0.1	122155.86510419846
TPOT-MDR	2w_1000a_0.1	128186.1871855259
TPOT-MDR	2w_1000a_0.1	92046.09245038033
TPOT-MDR	2w_1000a_0.1	78665.34957909584
TPOT-MDR	2w_1000a_0.1	72872.68869161606
TPOT-MDR	2w_1000a_0.1	116902.91907453537
TPOT-MDR	2w_1000a_0.1	93029.88326430321
TPOT-MDR	2w_1000a_0.1	79115.05642676353
TPOT-MDR	2w_1000a_0.1	90603.07392573357
TPOT-MDR	2w_1000a_0.1	88444.37785053253
TPOT-MDR	2w_1000a_0.1	99539.24183034897
TPOT-MDR	2w_1000a_0.1	79446.50450968742
TPOT-MDR	2w_1000a_0.1	100556.71386861801
TPOT-MDR	2w_1000a_0.1	92274.45243096352
TPOT-MDR	2w_1000a_0.1	87875.70797777176
TPOT-MDR	2w_1000a_0.1	94380.50183868408
TPOT-MDR	2w_1000a_0.1	92502.87498283386
TPOT-MDR	2w_1000a_0.1	95557.16439890862
TPOT-MDR	2w_1000a_0.1	91777.91002249718
TPOT-MDR	2w_1000a_0.1	156608.51492071152
TPOT-MDR	2w_1000a_0.1	91285.97994375229
TPOT-MDR	2w_1000a_0.1	88836.57365012169
TPOT-MDR	2w_1000a_0.1	90829.23481702805
TPOT-MDR	2w_1000a_0.1	91625.00877857208
TPOT-MDR	2w_1000a_0.1	91084.3400580883
TPOT-MDR	2w_1000a_0.1	91770.30081295967
TPOT-MDR	2w_1000a_0.1	101413.73073196411
TPOT-MDR	2w_1000a_0.1	65797.3535900116
TPOT-MDR	2w_1000a_0.1	89528.86400938034
TPOT-MDR	2w_1000a_0.2	71636.22799944878
TPOT-MDR	2w_1000a_0.2	66602.12918519974
TPOT-MDR	2w_1000a_0.2	66416.24148344994
TPOT-MDR	2w_1000a_0.2	104664.63353300095
TPOT-MDR	2w_1000a_0.2	107218.73590612411
TPOT-MDR	2w_1000a_0.2	72499.38923335075
TPOT-MDR	2w_1000a_0.2	72735.37328314781
TPOT-MDR	2w_1000a_0.2	69206.24331593513
TPOT-MDR	2w_1000a_0.2	65745.0277929306
TPOT-MDR	2w_1000a_0.2	49085.783183813095
TPOT-MDR	2w_1000a_0.2	63495.829667806625
TPOT-MDR	2w_1000a_0.2	69245.27808237076
TPOT-MDR	2w_1000a_0.2	63259.8900642395
TPOT-MDR	2w_1000a_0.2	77665.48080468178
TPOT-MDR	2w_1000a_0.2	83311.3498108387
TPOT-MDR	2w_1000a_0.2	118458.05015325546
TPOT-MDR	2w_1000a_0.2	75504.23449754715
TPOT-MDR	2w_1000a_0.2	59331.02595973015
TPOT-MDR	2w_1000a_0.2	61394.53531932831
TPOT-MDR	2w_1000a_0.2	66896.27927041054
TPOT-MDR	2w_1000a_0.2	88134.11039614677
TPOT-MDR	2w_1000a_0.2	65175.181782245636
TPOT-MDR	2w_1000a_0.2	74871.82327318192
TPOT-MDR	2w_1000a_0.2	106305.74472355843
TPOT-MDR	2w_1000a_0.2	73995.22134876251
TPOT-MDR	2w_1000a_0.2	60346.187074422836
TPOT-MDR	2w_1000a_0.2	85318.20752882957
TPOT-MDR	2w_1000a_0.2	62023.63900446892
TPOT-MDR	2w_1000a_0.2	63152.5891289711
TPOT-MDR	2w_1000a_0.2	63353.041541576385
TPOT-MDR	2w_1000a_0.4	56759.041632413864
TPOT-MDR	2w_1000a_0.4	98705.16034698486
TPOT-MDR	2w_1000a_0.4	78293.79992032051
TPOT-MDR	2w_1000a_0.4	71390.74504303932
TPOT-MDR	2w_1000a_0.4	82523.45168280602
TPOT-MDR	2w_1000a_0.4	61609.226991176605
TPOT-MDR	2w_1000a_0.4	61782.88436603546
TPOT-MDR	2w_1000a_0.4	62969.97611618042
TPOT-MDR	2w_1000a_0.4	67713.57173418999
TPOT-MDR	2w_1000a_0.4	140486.76402258873
TPOT-MDR	2w_1000a_0.4	61360.23367166519
TPOT-MDR	2w_1000a_0.4	82952.26613402367
TPOT-MDR	2w_1000a_0.4	81445.8481566906
TPOT-MDR	2w_1000a_0.4	62894.84840154648
TPOT-MDR	2w_1000a_0.4	81635.2779724598
TPOT-MDR	2w_1000a_0.4	61856.51319670677
TPOT-MDR	2w_1000a_0.4	57285.52013707161
TPOT-MDR	2w_1000a_0.4	57043.13011574745
TPOT-MDR	2w_1000a_0.4	54481.63406062126
TPOT-MDR	2w_1000a_0.4	84838.7609360218
TPOT-MDR	2w_1000a_0.4	60829.540769815445
TPOT-MDR	2w_1000a_0.4	63920.1034591198
TPOT-MDR	2w_1000a_0.4	94492.96460103989
TPOT-MDR	2w_1000a_0.4	98050.86838364601
TPOT-MDR	2w_1000a_0.4	65600.73354053497
TPOT-MDR	2w_1000a_0.4	65391.08406448364
TPOT-MDR	2w_1000a_0.4	63903.18034720421
TPOT-MDR	2w_1000a_0.4	105735.54357028008
TPOT-MDR	2w_1000a_0.4	92036.23774552345
TPOT-MDR	2w_1000a_0.4	93870.45659303665
TPOT-MDR	2w_5000a_0.05	261461.10657072067
TPOT-MDR	2w_5000a_0.05	269959.1496424675
TPOT-MDR	2w_5000a_0.05	269473.67331409454
TPOT-MDR	2w_5000a_0.05	264336.97986888885
TPOT-MDR	2w_5000a_0.05	254314.23842978477
TPOT-MDR	2w_5000a_0.05	250127.375177145
TPOT-MDR	2w_5000a_0.05	268931.2310247421
TPOT-MDR	2w_5000a_0.05	261381.97895812988
TPOT-MDR	2w_5000a_0.05	262469.95568847656
TPOT-MDR	2w_5000a_0.05	262402.91895866394
TPOT-MDR	2w_5000a_0.05	260120.17207956314
TPOT-MDR	2w_5000a_0.05	254691.66080975533
TPOT-MDR	2w_5000a_0.05	261549.32173848152
TPOT-MDR	2w_5000a_0.05	264068.4201889038
TPOT-MDR	2w_5000a_0.05	264557.11078715324
TPOT-MDR	2w_5000a_0.05	262693.0903952122
TPOT-MDR	2w_5000a_0.05	252875.12825512886
TPOT-MDR	2w_5000a_0.05	266729.17656230927
TPOT-MDR	2w_5000a_0.05	258311.45158743858
TPOT-MDR	2w_5000a_0.05	267160.9438948631
TPOT-MDR	2w_5000a_0.05	261573.8547050953
TPOT-MDR	2w_5000a_0.05	256765.25493693352
TPOT-MDR	2w_5000a_0.05	264772.252243042
TPOT-MDR	2w_5000a_0.05	261634.84720921516
TPOT-MDR	2w_5000a_0.05	264093.8936679363
TPOT-MDR	2w_5000a_0.05	256596.4545197487
TPOT-MDR	2w_5000a_0.05	261934.99182629585
TPOT-MDR	2w_5000a_0.05	266307.5930957794
TPOT-MDR	2w_5000a_0.05	254512.1275651455
TPOT-MDR	2w_5000a_0.05	261732.55859160423
TPOT-MDR	2w_5000a_0.1	281706.19791936874
TPOT-MDR	2w_5000a_0.1	287109.4952354431
TPOT-MDR	2w_5000a_0.1	282430.2572133541
TPOT-MDR	2w_5000a_0.1	288640.4380276203
TPOT-MDR	2w_5000a_0.1	288589.6460082531
TPOT-MDR	2w_5000a_0.1	292169.57772278786
TPOT-MDR	2w_5000a_0.1	285641.32166051865
TPOT-MDR	2w_5000a_0.1	286782.2721364498
TPOT-MDR	2w_5000a_0.1	291913.8029575348
TPOT-MDR	2w_5000a_0.1	285503.4751384258
TPOT-MDR	2w_5000a_0.1	285589.3797852993
TPOT-MDR	2w_5000a_0.1	290449.11115694046
TPOT-MDR	2w_5000a_0.1	288937.9975132942
TPOT-MDR	2w_5000a_0.1	282147.49930405617
TPOT-MDR	2w_5000a_0.1	280591.8271203041
TPOT-MDR	2w_5000a_0.1	281793.5764245987
TPOT-MDR	2w_5000a_0.1	287302.5867996216
TPOT-MDR	2w_5000a_0.1	284370.751332283
TPOT-MDR	2w_5000a_0.1	281899.6887216568
TPOT-MDR	2w_5000a_0.1	283360.4499897957
TPOT-MDR	2w_5000a_0.1	282001.0518283844
TPOT-MDR	2w_5000a_0.1	284455.448638916
TPOT-MDR	2w_5000a_0.1	291815.0372686386
TPOT-MDR	2w_5000a_0.1	286577.97673010826
TPOT-MDR	2w_5000a_0.1	288551.80932307243
TPOT-MDR	2w_5000a_0.1	288644.69223976135
TPOT-MDR	2w_5000a_0.1	280306.69379115105
TPOT-MDR	2w_5000a_0.1	287441.9416208267
TPOT-MDR	2w_5000a_0.1	286954.27630901337
TPOT-MDR	2w_5000a_0.1	279633.5737094879
TPOT-MDR	2w_5000a_0.2	164038.43520212173
TPOT-MDR	2w_5000a_0.2	169715.63504529
TPOT-MDR	2w_5000a_0.2	162289.37777590752
TPOT-MDR	2w_5000a_0.2	166149.0646495819
TPOT-MDR	2w_5000a_0.2	171745.11081075668
TPOT-MDR	2w_5000a_0.2	168565.769343853
TPOT-MDR	2w_5000a_0.2	169174.3766155243
TPOT-MDR	2w_5000a_0.2	167651.69784665108
TPOT-MDR	2w_5000a_0.2	170350.79718899727
TPOT-MDR	2w_5000a_0.2	170371.37748241425
TPOT-MDR	2w_5000a_0.2	171049.93765568733
TPOT-MDR	2w_5000a_0.2	167512.75227594376
TPOT-MDR	2w_5000a_0.2	172166.6182835102
TPOT-MDR	2w_5000a_0.2	172544.71724009514
TPOT-MDR	2w_5000a_0.2	171734.9279434681
TPOT-MDR	2w_5000a_0.2	171634.53096795082
TPOT-MDR	2w_5000a_0.2	164714.23887991905
TPOT-MDR	2w_5000a_0.2	168136.03288912773
TPOT-MDR	2w_5000a_0.2	168748.97755360603
TPOT-MDR	2w_5000a_0.2	171079.9507110119
TPOT-MDR	2w_5000a_0.2	170060.33156895638
TPOT-MDR	2w_5000a_0.2	162684.62393021584
TPOT-MDR	2w_5000a_0.2	171649.73937821388
TPOT-MDR	2w_5000a_0.2	148975.59770941734
TPOT-MDR	2w_5000a_0.2	169209.69980978966
TPOT-MDR	2w_5000a_0.2	169901.92807412148
TPOT-MDR	2w_5000a_0.2	167269.9295554161
TPOT-MDR	2w_5000a_0.2	168615.0376856327
TPOT-MDR	2w_5000a_0.2	171607.790569067
TPOT-MDR	2w_5000a_0.2	166429.22772932053
TPOT-MDR	2w_5000a_0.4	153707.55422091484
TPOT-MDR	2w_5000a_0.4	162907.11622858047
TPOT-MDR	2w_5000a_0.4	157383.04108452797
TPOT-MDR	2w_5000a_0.4	162855.26438999176
TPOT-MDR	2w_5000a_0.4	165778.61116814613
TPOT-MDR	2w_5000a_0.4	160393.66135144234
TPOT-MDR	2w_5000a_0.4	148037.0627875328
TPOT-MDR	2w_5000a_0.4	169246.45446443558
TPOT-MDR	2w_5000a_0.4	149123.95200514793
TPOT-MDR	2w_5000a_0.4	151854.9462504387
TPOT-MDR	2w_5000a_0.4	147655.28896450996
TPOT-MDR	2w_5000a_0.4	144398.5714905262
TPOT-MDR	2w_5000a_0.4	164498.5752310753
TPOT-MDR	2w_5000a_0.4	168931.55255413055
TPOT-MDR	2w_5000a_0.4	157407.52944040298
TPOT-MDR	2w_5000a_0.4	152723.87944817543
TPOT-MDR	2w_5000a_0.4	153486.85394573212
TPOT-MDR	2w_5000a_0.4	158342.845703125
TPOT-MDR	2w_5000a_0.4	156902.3376057148
TPOT-MDR	2w_5000a_0.4	166624.85863637924
TPOT-MDR	2w_5000a_0.4	155562.48546099663
TPOT-MDR	2w_5000a_0.4	159531.82812428474
TPOT-MDR	2w_5000a_0.4	150154.49997663498
TPOT-MDR	2w_5000a_0.4	165827.02572870255
TPOT-MDR	2w_5000a_0.4	161418.74330997467
TPOT-MDR	2w_5000a_0.4	153582.6274149418
TPOT-MDR	2w_5000a_0.4	141350.82955932617
TPOT-MDR	2w_5000a_0.4	147400.220607996
TPOT-MDR	2w_5000a_0.4	152479.7612786293
TPOT-MDR	2w_5000a_0.4	134140.39806437492
XGBoost	2w_10a_0.05	23342.35
XGBoost	2w_10a_0.05	26393.24
XGBoost	2w_10a_0.05	26328.33
XGBoost	2w_10a_0.05	26185.39
XGBoost	2w_10a_0.05	26368.36
XGBoost	2w_10a_0.05	26354.68
XGBoost	2w_10a_0.05	26428.35
XGBoost	2w_10a_0.05	26375.64
XGBoost	2w_10a_0.05	23254.39
XGBoost	2w_10a_0.05	23331.9
XGBoost	2w_10a_0.05	23388.65
XGBoost	2w_10a_0.05	24052.1
XGBoost	2w_10a_0.05	26425.04
XGBoost	2w_10a_0.05	23356.8
XGBoost	2w_10a_0.05	23364.93
XGBoost	2w_10a_0.05	23464.27
XGBoost	2w_10a_0.05	23306.33
XGBoost	2w_10a_0.05	22888.35
XGBoost	2w_10a_0.05	22693.33
XGBoost	2w_10a_0.05	22790.67
XGBoost	2w_10a_0.05	22834.65
XGBoost	2w_10a_0.05	22841.28
XGBoost	2w_10a_0.05	26350.28
XGBoost	2w_10a_0.05	22743.24
XGBoost	2w_10a_0.05	26381.96
XGBoost	2w_10a_0.05	26280.06
XGBoost	2w_10a_0.05	26451.21
XGBoost	2w_10a_0.05	26310.11
XGBoost	2w_10a_0.05	26257.1
XGBoost	2w_10a_0.05	26431.41
XGBoost	2w_10a_0.1	24371.89
XGBoost	2w_10a_0.1	24061.8
XGBoost	2w_10a_0.1	24069.02
XGBoost	2w_10a_0.1	27154.19
XGBoost	2w_10a_0.1	27149.98
XGBoost	2w_10a_0.1	27097.04
XGBoost	2w_10a_0.1	26913.74
XGBoost	2w_10a_0.1	27110.54
XGBoost	2w_10a_0.1	27193.32
XGBoost	2w_10a_0.1	27129.03
XGBoost	2w_10a_0.1	27063.34
XGBoost	2w_10a_0.1	27041.72
XGBoost	2w_10a_0.1	24038.19
XGBoost	2w_10a_0.1	26981.22
XGBoost	2w_10a_0.1	27043.58
XGBoost	2w_10a_0.1	24328.51
XGBoost	2w_10a_0.1	24186.88
XGBoost	2w_10a_0.1	24264.54
XGBoost	2w_10a_0.1	24295.57
XGBoost	2w_10a_0.1	24187.2
XGBoost	2w_10a_0.1	24295.16
XGBoost	2w_10a_0.1	24331.79
XGBoost	2w_10a_0.1	24096.37
XGBoost	2w_10a_0.1	24228.88
XGBoost	2w_10a_0.1	24106.46
XGBoost	2w_10a_0.1	24116.85
XGBoost	2w_10a_0.1	23968.26
XGBoost	2w_10a_0.1	23967.92
XGBoost	2w_10a_0.1	24040.69
XGBoost	2w_10a_0.1	24107.9
XGBoost	2w_10a_0.2	22734.12
XGBoost	2w_10a_0.2	22993.41
XGBoost	2w_10a_0.2	23019.87
XGBoost	2w_10a_0.2	22946.37
XGBoost	2w_10a_0.2	22973.62
XGBoost	2w_10a_0.2	23041.5
XGBoost	2w_10a_0.2	22972.39
XGBoost	2w_10a_0.2	25739.91
XGBoost	2w_10a_0.2	25844.25
XGBoost	2w_10a_0.2	25877.72
XGBoost	2w_10a_0.2	25768.32
XGBoost	2w_10a_0.2	25879.65
XGBoost	2w_10a_0.2	23011.62
XGBoost	2w_10a_0.2	25904.35
XGBoost	2w_10a_0.2	26115.44
XGBoost	2w_10a_0.2	22789.97
XGBoost	2w_10a_0.2	22756.73
XGBoost	2w_10a_0.2	22845.54
XGBoost	2w_10a_0.2	22759.88
XGBoost	2w_10a_0.2	22727.57
XGBoost	2w_10a_0.2	22830.24
XGBoost	2w_10a_0.2	22812.65
XGBoost	2w_10a_0.2	22930.4
XGBoost	2w_10a_0.2	22740.37
XGBoost	2w_10a_0.2	22972.83
XGBoost	2w_10a_0.2	23066.15
XGBoost	2w_10a_0.2	22984.5
XGBoost	2w_10a_0.2	22962.36
XGBoost	2w_10a_0.2	22990.12
XGBoost	2w_10a_0.2	22971.37
XGBoost	2w_10a_0.4	23876.9
XGBoost	2w_10a_0.4	23679.55
XGBoost	2w_10a_0.4	23837.74
XGBoost	2w_10a_0.4	23745.67
XGBoost	2w_10a_0.4	23853.29
XGBoost	2w_10a_0.4	23743.25
XGBoost	2w_10a_0.4	23819.7
XGBoost	2w_10a_0.4	23793.76
XGBoost	2w_10a_0.4	23795.56
XGBoost	2w_10a_0.4	23747.71
XGBoost	2w_10a_0.4	23797.84
XGBoost	2w_10a_0.4	23804.95
XGBoost	2w_10a_0.4	23779.73
XGBoost	2w_10a_0.4	23782.24
XGBoost	2w_10a_0.4	21136.07
XGBoost	2w_100a_0.05	24951.89
XGBoost	2w_100a_0.05	24982.58
XGBoost	2w_100a_0.05	24992.83
XGBoost	2w_100a_0.05	24981.77
XGBoost	2w_100a_0.05	24963.18
XGBoost	2w_100a_0.05	25013.8
XGBoost	2w_100a_0.05	24983.78
XGBoost	2w_100a_0.05	25053.06
XGBoost	2w_100a_0.05	24923.22
XGBoost	2w_100a_0.05	24894.47
XGBoost	2w_100a_0.05	24984.03
XGBoost	2w_100a_0.05	24972.89
XGBoost	2w_100a_0.05	25033.8
XGBoost	2w_100a_0.05	24918.44
XGBoost	2w_100a_0.05	24993.73
XGBoost	2w_100a_0.05	24935.35
XGBoost	2w_100a_0.05	24902.34
XGBoost	2w_100a_0.05	25036.39
XGBoost	2w_100a_0.05	24952.96
XGBoost	2w_100a_0.05	24933.45
XGBoost	2w_100a_0.05	24917.05
XGBoost	2w_100a_0.05	25031.62
XGBoost	2w_100a_0.05	24911.85
XGBoost	2w_100a_0.05	24889.25
XGBoost	2w_100a_0.05	24982.61
XGBoost	2w_100a_0.05	24997.64
XGBoost	2w_100a_0.05	24999.56
XGBoost	2w_100a_0.05	25028.17
XGBoost	2w_100a_0.05	24979.06
XGBoost	2w_100a_0.05	25002.91
XGBoost	2w_100a_0.1	29089.69
XGBoost	2w_100a_0.1	28962.36
XGBoost	2w_100a_0.1	29019.79
XGBoost	2w_100a_0.1	29040.0
XGBoost	2w_100a_0.1	29095.86
XGBoost	2w_100a_0.1	29023.04
XGBoost	2w_100a_0.1	29045.34
XGBoost	2w_100a_0.1	29067.18
XGBoost	2w_100a_0.1	29056.31
XGBoost	2w_100a_0.1	29056.79
XGBoost	2w_100a_0.1	29048.16
XGBoost	2w_100a_0.1	29124.93
XGBoost	2w_100a_0.1	29035.53
XGBoost	2w_100a_0.1	29166.8
XGBoost	2w_100a_0.1	29066.06
XGBoost	2w_100a_0.1	28938.59
XGBoost	2w_100a_0.1	29154.88
XGBoost	2w_100a_0.1	29089.38
XGBoost	2w_100a_0.1	29050.73
XGBoost	2w_100a_0.1	29053.73
XGBoost	2w_100a_0.1	29117.97
XGBoost	2w_100a_0.1	29071.09
XGBoost	2w_100a_0.1	29024.79
XGBoost	2w_100a_0.1	28990.21
XGBoost	2w_100a_0.1	29059.52
XGBoost	2w_100a_0.1	29142.03
XGBoost	2w_100a_0.1	29161.55
XGBoost	2w_100a_0.1	29123.09
XGBoost	2w_100a_0.1	29029.57
XGBoost	2w_100a_0.1	29089.45
XGBoost	2w_100a_0.2	29408.72
XGBoost	2w_100a_0.2	29482.77
XGBoost	2w_100a_0.2	29573.5
XGBoost	2w_100a_0.2	29451.34
XGBoost	2w_100a_0.2	29394.35
XGBoost	2w_100a_0.2	29539.72
XGBoost	2w_100a_0.2	29423.64
XGBoost	2w_100a_0.2	29532.59
XGBoost	2w_100a_0.2	29512.73
XGBoost	2w_100a_0.2	29595.1
XGBoost	2w_100a_0.2	29450.37
XGBoost	2w_100a_0.2	29454.76
XGBoost	2w_100a_0.2	29516.99
XGBoost	2w_100a_0.2	29439.27
XGBoost	2w_100a_0.2	29429.22
XGBoost	2w_100a_0.2	29470.82
XGBoost	2w_100a_0.2	29528.94
XGBoost	2w_100a_0.2	29381.47
XGBoost	2w_100a_0.2	29427.7
XGBoost	2w_100a_0.2	29435.64
XGBoost	2w_100a_0.2	29437.36
XGBoost	2w_100a_0.2	29436.07
XGBoost	2w_100a_0.2	29424.23
XGBoost	2w_100a_0.2	29428.76
XGBoost	2w_100a_0.2	29574.76
XGBoost	2w_100a_0.2	29473.75
XGBoost	2w_100a_0.2	29455.5
XGBoost	2w_100a_0.2	29458.72
XGBoost	2w_100a_0.2	29467.61
XGBoost	2w_100a_0.2	29498.8
XGBoost	2w_100a_0.4	26371.07
XGBoost	2w_100a_0.4	26400.11
XGBoost	2w_100a_0.4	26440.79
XGBoost	2w_100a_0.4	26255.97
XGBoost	2w_100a_0.4	26441.3
XGBoost	2w_100a_0.4	26374.36
XGBoost	2w_100a_0.4	26383.62
XGBoost	2w_100a_0.4	26326.83
XGBoost	2w_100a_0.4	26381.79
XGBoost	2w_100a_0.4	26395.15
XGBoost	2w_100a_0.4	26411.9
XGBoost	2w_100a_0.4	26412.87
XGBoost	2w_100a_0.4	26448.42
XGBoost	2w_100a_0.4	26272.97
XGBoost	2w_100a_0.4	26409.05
XGBoost	2w_100a_0.4	26424.48
XGBoost	2w_100a_0.4	26316.97
XGBoost	2w_100a_0.4	26358.86
XGBoost	2w_100a_0.4	26408.22
XGBoost	2w_100a_0.4	26372.8
XGBoost	2w_100a_0.4	26296.7
XGBoost	2w_100a_0.4	26364.7
XGBoost	2w_100a_0.4	26376.59
XGBoost	2w_100a_0.4	26359.93
XGBoost	2w_100a_0.4	26312.79
XGBoost	2w_100a_0.4	26372.81
XGBoost	2w_100a_0.4	26400.05
XGBoost	2w_100a_0.4	26400.7
XGBoost	2w_100a_0.4	26359.39
XGBoost	2w_100a_0.4	26313.15
XGBoost	2w_1000a_0.05	29864.86
XGBoost	2w_1000a_0.05	29799.93
XGBoost	2w_1000a_0.05	29882.06
XGBoost	2w_1000a_0.05	29897.17
XGBoost	2w_1000a_0.05	29850.22
XGBoost	2w_1000a_0.05	29896.58
XGBoost	2w_1000a_0.05	29915.07
XGBoost	2w_1000a_0.05	29912.58
XGBoost	2w_1000a_0.05	29947.26
XGBoost	2w_1000a_0.05	29970.62
XGBoost	2w_1000a_0.05	29870.95
XGBoost	2w_1000a_0.05	29936.32
XGBoost	2w_1000a_0.05	29855.04
XGBoost	2w_1000a_0.05	29850.04
XGBoost	2w_1000a_0.05	29893.03
XGBoost	2w_1000a_0.05	29940.24
XGBoost	2w_1000a_0.05	29893.45
XGBoost	2w_1000a_0.05	29967.68
XGBoost	2w_1000a_0.05	29933.12
XGBoost	2w_1000a_0.05	29838.47
XGBoost	2w_1000a_0.05	29924.26
XGBoost	2w_1000a_0.05	29960.63
XGBoost	2w_1000a_0.05	29858.18
XGBoost	2w_1000a_0.05	29864.2
XGBoost	2w_1000a_0.05	29822.04
XGBoost	2w_1000a_0.05	29860.1
XGBoost	2w_1000a_0.05	29948.86
XGBoost	2w_1000a_0.05	29867.83
XGBoost	2w_1000a_0.05	29909.82
XGBoost	2w_1000a_0.05	29880.1
XGBoost	2w_1000a_0.1	30800.0
XGBoost	2w_1000a_0.1	30647.34
XGBoost	2w_1000a_0.1	30327.14
XGBoost	2w_1000a_0.1	30632.1
XGBoost	2w_1000a_0.1	30291.0
XGBoost	2w_1000a_0.1	30320.38
XGBoost	2w_1000a_0.1	30251.13
XGBoost	2w_1000a_0.1	30514.36
XGBoost	2w_1000a_0.1	30160.23
XGBoost	2w_1000a_0.1	30636.99
XGBoost	2w_1000a_0.1	30367.57
XGBoost	2w_1000a_0.1	30771.17
XGBoost	2w_1000a_0.1	30242.57
XGBoost	2w_1000a_0.1	30245.16
XGBoost	2w_1000a_0.1	30327.77
XGBoost	2w_1000a_0.1	30494.44
XGBoost	2w_1000a_0.1	30242.93
XGBoost	2w_1000a_0.1	30200.88
XGBoost	2w_1000a_0.1	30697.48
XGBoost	2w_1000a_0.1	30659.24
XGBoost	2w_1000a_0.1	30265.66
XGBoost	2w_1000a_0.1	30702.01
XGBoost	2w_1000a_0.1	30606.45
XGBoost	2w_1000a_0.1	30771.19
XGBoost	2w_1000a_0.1	30290.34
XGBoost	2w_1000a_0.1	30261.76
XGBoost	2w_1000a_0.1	30355.53
XGBoost	2w_1000a_0.1	30635.69
XGBoost	2w_1000a_0.1	30298.31
XGBoost	2w_1000a_0.1	30617.8
XGBoost	2w_1000a_0.2	30499.94
XGBoost	2w_1000a_0.2	29996.52
XGBoost	2w_1000a_0.2	29878.02
XGBoost	2w_1000a_0.2	30106.47
XGBoost	2w_1000a_0.2	29996.95
XGBoost	2w_1000a_0.2	30439.88
XGBoost	2w_1000a_0.2	30025.51
XGBoost	2w_1000a_0.2	29957.53
XGBoost	2w_1000a_0.2	30026.96
XGBoost	2w_1000a_0.2	29924.92
XGBoost	2w_1000a_0.2	30429.28
XGBoost	2w_1000a_0.2	30084.72
XGBoost	2w_1000a_0.2	29997.68
XGBoost	2w_1000a_0.2	30453.51
XGBoost	2w_1000a_0.2	30090.32
XGBoost	2w_1000a_0.2	29948.66
XGBoost	2w_1000a_0.2	30030.84
XGBoost	2w_1000a_0.2	29988.23
XGBoost	2w_1000a_0.2	29995.85
XGBoost	2w_1000a_0.2	29943.25
XGBoost	2w_1000a_0.2	30121.16
XGBoost	2w_1000a_0.2	29966.67
XGBoost	2w_1000a_0.2	29969.65
XGBoost	2w_1000a_0.2	30484.77
XGBoost	2w_1000a_0.2	29992.4
XGBoost	2w_1000a_0.2	30116.79
XGBoost	2w_1000a_0.2	30035.18
XGBoost	2w_1000a_0.2	30444.0
XGBoost	2w_1000a_0.2	30519.08
XGBoost	2w_1000a_0.2	29961.75
XGBoost	2w_1000a_0.4	26543.04
XGBoost	2w_1000a_0.4	26509.04
XGBoost	2w_1000a_0.4	26530.79
XGBoost	2w_1000a_0.4	26502.44
XGBoost	2w_1000a_0.4	26465.53
XGBoost	2w_1000a_0.4	26455.69
XGBoost	2w_1000a_0.4	26425.88
XGBoost	2w_1000a_0.4	26504.91
XGBoost	2w_1000a_0.4	26578.71
XGBoost	2w_1000a_0.4	26444.99
XGBoost	2w_1000a_0.4	26530.1
XGBoost	2w_1000a_0.4	26505.15
XGBoost	2w_1000a_0.4	26518.23
XGBoost	2w_1000a_0.4	26522.49
XGBoost	2w_1000a_0.4	26437.86
XGBoost	2w_1000a_0.4	26534.91
XGBoost	2w_1000a_0.4	26456.33
XGBoost	2w_1000a_0.4	26440.35
XGBoost	2w_1000a_0.4	26582.53
XGBoost	2w_1000a_0.4	26506.46
XGBoost	2w_1000a_0.4	26477.78
XGBoost	2w_1000a_0.4	26495.4
XGBoost	2w_1000a_0.4	26461.55
XGBoost	2w_1000a_0.4	26552.03
XGBoost	2w_1000a_0.4	26541.51
XGBoost	2w_1000a_0.4	26553.98
XGBoost	2w_1000a_0.4	26517.8
XGBoost	2w_1000a_0.4	26532.66
XGBoost	2w_1000a_0.4	26514.39
XGBoost	2w_1000a_0.4	26480.47
XGBoost	2w_5000a_0.05	31609.48
XGBoost	2w_5000a_0.05	31638.07
XGBoost	2w_5000a_0.05	31602.61
XGBoost	2w_5000a_0.05	31563.98
XGBoost	2w_5000a_0.05	31548.7
XGBoost	2w_5000a_0.05	31620.96
XGBoost	2w_5000a_0.05	31530.5
XGBoost	2w_5000a_0.05	31582.21
XGBoost	2w_5000a_0.05	31547.93
XGBoost	2w_5000a_0.05	31671.85
XGBoost	2w_5000a_0.05	31588.46
XGBoost	2w_5000a_0.05	31564.41
XGBoost	2w_5000a_0.05	31580.41
XGBoost	2w_5000a_0.05	31590.14
XGBoost	2w_5000a_0.05	31587.79
XGBoost	2w_5000a_0.05	31550.66
XGBoost	2w_5000a_0.05	31596.41
XGBoost	2w_5000a_0.05	31461.88
XGBoost	2w_5000a_0.05	31570.73
XGBoost	2w_5000a_0.05	31520.18
XGBoost	2w_5000a_0.05	31615.68
XGBoost	2w_5000a_0.05	31546.88
XGBoost	2w_5000a_0.05	31571.02
XGBoost	2w_5000a_0.05	31521.54
XGBoost	2w_5000a_0.05	31656.09
XGBoost	2w_5000a_0.05	31505.28
XGBoost	2w_5000a_0.05	31617.44
XGBoost	2w_5000a_0.05	31603.49
XGBoost	2w_5000a_0.05	31646.62
XGBoost	2w_5000a_0.05	31553.14
XGBoost	2w_5000a_0.1	29962.27
XGBoost	2w_5000a_0.1	29935.39
XGBoost	2w_5000a_0.1	31052.54
XGBoost	2w_5000a_0.1	29806.36
XGBoost	2w_5000a_0.1	29888.5
XGBoost	2w_5000a_0.1	29909.16
XGBoost	2w_5000a_0.1	31386.18
XGBoost	2w_5000a_0.1	31271.81
XGBoost	2w_5000a_0.1	29988.49
XGBoost	2w_5000a_0.1	31364.35
XGBoost	2w_5000a_0.1	29924.62
XGBoost	2w_5000a_0.1	29971.83
XGBoost	2w_5000a_0.1	29903.6
XGBoost	2w_5000a_0.1	31153.37
XGBoost	2w_5000a_0.1	29897.21
XGBoost	2w_5000a_0.1	29903.79
XGBoost	2w_5000a_0.1	29929.96
XGBoost	2w_5000a_0.1	31358.82
XGBoost	2w_5000a_0.1	31229.62
XGBoost	2w_5000a_0.1	29927.43
XGBoost	2w_5000a_0.1	29937.27
XGBoost	2w_5000a_0.1	29982.32
XGBoost	2w_5000a_0.1	29809.03
XGBoost	2w_5000a_0.1	29938.98
XGBoost	2w_5000a_0.1	29897.1
XGBoost	2w_5000a_0.1	29914.95
XGBoost	2w_5000a_0.1	29866.0
XGBoost	2w_5000a_0.1	29934.47
XGBoost	2w_5000a_0.1	29971.48
XGBoost	2w_5000a_0.1	31281.83
XGBoost	2w_5000a_0.2	28643.57
XGBoost	2w_5000a_0.2	28700.33
XGBoost	2w_5000a_0.2	28680.52
XGBoost	2w_5000a_0.2	28609.95
XGBoost	2w_5000a_0.2	28703.37
XGBoost	2w_5000a_0.2	28588.97
XGBoost	2w_5000a_0.2	28604.87
XGBoost	2w_5000a_0.2	28682.88
XGBoost	2w_5000a_0.2	28698.71
XGBoost	2w_5000a_0.2	28630.19
XGBoost	2w_5000a_0.2	28681.38
XGBoost	2w_5000a_0.2	28729.37
XGBoost	2w_5000a_0.2	30076.62
XGBoost	2w_5000a_0.2	28674.57
XGBoost	2w_5000a_0.2	28644.55
XGBoost	2w_5000a_0.2	28599.71
XGBoost	2w_5000a_0.2	28607.72
XGBoost	2w_5000a_0.2	28651.54
XGBoost	2w_5000a_0.2	28647.28
XGBoost	2w_5000a_0.2	28716.77
XGBoost	2w_5000a_0.2	28624.42
XGBoost	2w_5000a_0.2	28646.68
XGBoost	2w_5000a_0.2	28707.61
XGBoost	2w_5000a_0.2	28671.67
XGBoost	2w_5000a_0.2	28679.58
XGBoost	2w_5000a_0.2	28607.02
XGBoost	2w_5000a_0.2	28610.04
XGBoost	2w_5000a_0.2	28583.73
XGBoost	2w_5000a_0.2	28652.51
XGBoost	2w_5000a_0.2	28610.18
XGBoost	2w_5000a_0.4	31654.8
XGBoost	2w_5000a_0.4	31384.6
XGBoost	2w_5000a_0.4	31701.79
XGBoost	2w_5000a_0.4	31815.99
XGBoost	2w_5000a_0.4	31689.59
XGBoost	2w_5000a_0.4	31772.86
XGBoost	2w_5000a_0.4	31696.88
XGBoost	2w_5000a_0.4	31740.37
XGBoost	2w_5000a_0.4	31856.49
XGBoost	2w_5000a_0.4	31757.0
XGBoost	2w_5000a_0.4	31725.86
XGBoost	2w_5000a_0.4	31763.52
XGBoost	2w_5000a_0.4	32051.86
XGBoost	2w_5000a_0.4	31676.91
XGBoost	2w_5000a_0.4	31394.77
XGBoost	2w_5000a_0.4	31827.02
XGBoost	2w_5000a_0.4	32253.48
XGBoost	2w_5000a_0.4	31733.2
XGBoost	2w_5000a_0.4	31719.26
XGBoost	2w_5000a_0.4	31655.34
XGBoost	2w_5000a_0.4	31708.13
XGBoost	2w_5000a_0.4	31779.36
XGBoost	2w_5000a_0.4	31746.51
XGBoost	2w_5000a_0.4	31765.47
XGBoost	2w_5000a_0.4	31701.51
XGBoost	2w_5000a_0.4	31691.42
XGBoost	2w_5000a_0.4	31754.98
XGBoost	2w_5000a_0.4	31761.33
XGBoost	2w_5000a_0.4	31721.49
XGBoost	2w_5000a_0.4	31745.31
LR	2w_10a_0.05	4.79
LR	2w_10a_0.05	5.51
LR	2w_10a_0.05	4.93
LR	2w_10a_0.05	4.7
LR	2w_10a_0.05	5.04
LR	2w_10a_0.05	4.35
LR	2w_10a_0.05	4.48
LR	2w_10a_0.05	5.35
LR	2w_10a_0.05	5.0
LR	2w_10a_0.05	4.96
LR	2w_10a_0.05	4.94
LR	2w_10a_0.05	5.23
LR	2w_10a_0.05	4.95
LR	2w_10a_0.05	5.3
LR	2w_10a_0.05	4.71
LR	2w_10a_0.05	5.02
LR	2w_10a_0.05	5.29
LR	2w_10a_0.05	4.66
LR	2w_10a_0.05	5.02
LR	2w_10a_0.05	4.83
LR	2w_10a_0.05	4.99
LR	2w_10a_0.05	4.78
LR	2w_10a_0.05	4.7
LR	2w_10a_0.05	6.58
LR	2w_10a_0.05	4.69
LR	2w_10a_0.05	4.22
LR	2w_10a_0.05	5.17
LR	2w_10a_0.05	4.64
LR	2w_10a_0.05	4.74
LR	2w_10a_0.05	4.7
LR	2w_10a_0.1	6.39
LR	2w_10a_0.1	6.28
LR	2w_10a_0.1	6.17
LR	2w_10a_0.1	5.99
LR	2w_10a_0.1	7.18
LR	2w_10a_0.1	7.92
LR	2w_10a_0.1	6.43
LR	2w_10a_0.1	6.43
LR	2w_10a_0.1	6.72
LR	2w_10a_0.1	5.6
LR	2w_10a_0.1	6.0
LR	2w_10a_0.1	6.0
LR	2w_10a_0.1	6.78
LR	2w_10a_0.1	5.98
LR	2w_10a_0.1	5.69
LR	2w_10a_0.1	7.83
LR	2w_10a_0.1	6.38
LR	2w_10a_0.1	6.34
LR	2w_10a_0.1	5.9
LR	2w_10a_0.1	5.72
LR	2w_10a_0.1	6.7
LR	2w_10a_0.1	5.52
LR	2w_10a_0.1	5.94
LR	2w_10a_0.1	6.27
LR	2w_10a_0.1	6.15
LR	2w_10a_0.1	5.98
LR	2w_10a_0.1	6.04
LR	2w_10a_0.1	7.24
LR	2w_10a_0.1	5.74
LR	2w_10a_0.1	6.13
LR	2w_10a_0.2	5.08
LR	2w_10a_0.2	5.63
LR	2w_10a_0.2	5.16
LR	2w_10a_0.2	4.63
LR	2w_10a_0.2	4.77
LR	2w_10a_0.2	4.8
LR	2w_10a_0.2	5.54
LR	2w_10a_0.2	5.18
LR	2w_10a_0.2	5.11
LR	2w_10a_0.2	5.76
LR	2w_10a_0.2	4.78
LR	2w_10a_0.2	5.14
LR	2w_10a_0.2	5.15
LR	2w_10a_0.2	5.19
LR	2w_10a_0.2	4.57
LR	2w_10a_0.2	5.04
LR	2w_10a_0.2	5.35
LR	2w_10a_0.2	4.65
LR	2w_10a_0.2	6.83
LR	2w_10a_0.2	4.98
LR	2w_10a_0.2	5.02
LR	2w_10a_0.2	4.89
LR	2w_10a_0.2	4.88
LR	2w_10a_0.2	7.77
LR	2w_10a_0.2	5.02
LR	2w_10a_0.2	5.07
LR	2w_10a_0.2	4.78
LR	2w_10a_0.2	5.07
LR	2w_10a_0.2	4.67
LR	2w_10a_0.2	4.76
LR	2w_10a_0.4	4.27
LR	2w_10a_0.4	5.92
LR	2w_10a_0.4	5.25
LR	2w_10a_0.4	6.1
LR	2w_10a_0.4	5.44
LR	2w_10a_0.4	5.37
LR	2w_10a_0.4	6.79
LR	2w_10a_0.4	6.27
LR	2w_10a_0.4	5.08
LR	2w_10a_0.4	3.8
LR	2w_10a_0.4	4.33
LR	2w_10a_0.4	4.19
LR	2w_10a_0.4	6.12
LR	2w_10a_0.4	4.4
LR	2w_10a_0.4	5.02
LR	2w_10a_0.4	4.66
LR	2w_10a_0.4	4.89
LR	2w_10a_0.4	4.14
LR	2w_10a_0.4	4.82
LR	2w_10a_0.4	4.82
LR	2w_10a_0.4	4.7
LR	2w_10a_0.4	4.68
LR	2w_10a_0.4	5.19
LR	2w_10a_0.4	4.53
LR	2w_10a_0.4	6.08
LR	2w_10a_0.4	5.21
LR	2w_10a_0.4	5.2
LR	2w_10a_0.4	4.77
LR	2w_10a_0.4	5.25
LR	2w_10a_0.4	6.48
LR	2w_100a_0.05	27.22
LR	2w_100a_0.05	28.0
LR	2w_100a_0.05	27.03
LR	2w_100a_0.05	34.93
LR	2w_100a_0.05	28.01
LR	2w_100a_0.05	27.7
LR	2w_100a_0.05	26.83
LR	2w_100a_0.05	32.71
LR	2w_100a_0.05	31.72
LR	2w_100a_0.05	31.74
LR	2w_100a_0.05	27.78
LR	2w_100a_0.05	29.86
LR	2w_100a_0.05	37.08
LR	2w_100a_0.05	26.46
LR	2w_100a_0.05	26.23
LR	2w_100a_0.05	28.08
LR	2w_100a_0.05	27.3
LR	2w_100a_0.05	41.38
LR	2w_100a_0.05	32.17
LR	2w_100a_0.05	32.9
LR	2w_100a_0.05	41.76
LR	2w_100a_0.05	29.11
LR	2w_100a_0.05	27.68
LR	2w_100a_0.05	26.19
LR	2w_100a_0.05	28.86
LR	2w_100a_0.05	37.54
LR	2w_100a_0.05	28.44
LR	2w_100a_0.05	30.42
LR	2w_100a_0.05	33.96
LR	2w_100a_0.05	25.66
LR	2w_100a_0.1	36.38
LR	2w_100a_0.1	32.42
LR	2w_100a_0.1	27.42
LR	2w_100a_0.1	28.53
LR	2w_100a_0.1	28.45
LR	2w_100a_0.1	30.46
LR	2w_100a_0.1	36.18
LR	2w_100a_0.1	26.9
LR	2w_100a_0.1	29.69
LR	2w_100a_0.1	27.63
LR	2w_100a_0.1	24.82
LR	2w_100a_0.1	30.03
LR	2w_100a_0.1	32.81
LR	2w_100a_0.1	26.2
LR	2w_100a_0.1	39.37
LR	2w_100a_0.1	31.37
LR	2w_100a_0.1	35.44
LR	2w_100a_0.1	36.67
LR	2w_100a_0.1	29.3
LR	2w_100a_0.1	40.87
LR	2w_100a_0.1	32.55
LR	2w_100a_0.1	37.91
LR	2w_100a_0.1	30.62
LR	2w_100a_0.1	39.75
LR	2w_100a_0.1	28.32
LR	2w_100a_0.1	28.63
LR	2w_100a_0.1	27.12
LR	2w_100a_0.1	34.04
LR	2w_100a_0.1	28.87
LR	2w_100a_0.1	26.8
LR	2w_100a_0.2	40.61
LR	2w_100a_0.2	32.62
LR	2w_100a_0.2	29.6
LR	2w_100a_0.2	28.13
LR	2w_100a_0.2	29.24
LR	2w_100a_0.2	30.72
LR	2w_100a_0.2	38.21
LR	2w_100a_0.2	46.53
LR	2w_100a_0.2	28.78
LR	2w_100a_0.2	35.03
LR	2w_100a_0.2	40.02
LR	2w_100a_0.2	29.31
LR	2w_100a_0.2	28.75
LR	2w_100a_0.2	34.45
LR	2w_100a_0.2	59.67
LR	2w_100a_0.2	47.57
LR	2w_100a_0.2	44.51
LR	2w_100a_0.2	41.36
LR	2w_100a_0.2	46.85
LR	2w_100a_0.2	40.73
LR	2w_100a_0.2	42.73
LR	2w_100a_0.2	47.49
LR	2w_100a_0.2	37.21
LR	2w_100a_0.2	48.32
LR	2w_100a_0.2	30.74
LR	2w_100a_0.2	33.36
LR	2w_100a_0.2	41.16
LR	2w_100a_0.2	31.36
LR	2w_100a_0.2	33.68
LR	2w_100a_0.2	35.69
LR	2w_100a_0.4	27.24
LR	2w_100a_0.4	34.35
LR	2w_100a_0.4	39.3
LR	2w_100a_0.4	31.41
LR	2w_100a_0.4	29.99
LR	2w_100a_0.4	32.59
LR	2w_100a_0.4	30.71
LR	2w_100a_0.4	31.56
LR	2w_100a_0.4	32.34
LR	2w_100a_0.4	26.99
LR	2w_100a_0.4	28.2
LR	2w_100a_0.4	30.37
LR	2w_100a_0.4	35.95
LR	2w_100a_0.4	31.56
LR	2w_100a_0.4	27.18
LR	2w_100a_0.4	29.05
LR	2w_100a_0.4	30.61
LR	2w_100a_0.4	25.29
LR	2w_100a_0.4	25.31
LR	2w_100a_0.4	31.63
LR	2w_100a_0.4	34.03
LR	2w_100a_0.4	24.62
LR	2w_100a_0.4	36.08
LR	2w_100a_0.4	26.27
LR	2w_100a_0.4	36.36
LR	2w_100a_0.4	35.09
LR	2w_100a_0.4	40.49
LR	2w_100a_0.4	38.97
LR	2w_100a_0.4	44.72
LR	2w_100a_0.4	39.08
LR	2w_1000a_0.05	1763.99
LR	2w_1000a_0.05	1676.2
LR	2w_1000a_0.05	2451.93
LR	2w_1000a_0.05	2174.45
LR	2w_1000a_0.05	2549.91
LR	2w_1000a_0.05	2317.92
LR	2w_1000a_0.05	2188.14
LR	2w_1000a_0.05	1642.47
LR	2w_1000a_0.05	1774.84
LR	2w_1000a_0.05	3185.48
LR	2w_1000a_0.05	2177.58
LR	2w_1000a_0.05	1836.14
LR	2w_1000a_0.05	1978.76
LR	2w_1000a_0.05	2657.55
LR	2w_1000a_0.05	1690.36
LR	2w_1000a_0.05	1630.68
LR	2w_1000a_0.05	2826.05
LR	2w_1000a_0.05	2401.66
LR	2w_1000a_0.05	2237.6
LR	2w_1000a_0.05	1743.72
LR	2w_1000a_0.05	2436.17
LR	2w_1000a_0.05	1693.02
LR	2w_1000a_0.05	2273.37
LR	2w_1000a_0.05	2190.69
LR	2w_1000a_0.05	2275.37
LR	2w_1000a_0.05	2015.4
LR	2w_1000a_0.05	1664.42
LR	2w_1000a_0.05	1781.94
LR	2w_1000a_0.05	1795.54
LR	2w_1000a_0.05	1828.45
LR	2w_1000a_0.1	875.95
LR	2w_1000a_0.1	891.5
LR	2w_1000a_0.1	987.94
LR	2w_1000a_0.1	950.35
LR	2w_1000a_0.1	925.29
LR	2w_1000a_0.1	1018.04
LR	2w_1000a_0.1	993.25
LR	2w_1000a_0.1	1057.49
LR	2w_1000a_0.1	959.09
LR	2w_1000a_0.1	885.26
LR	2w_1000a_0.1	1024.98
LR	2w_1000a_0.1	971.48
LR	2w_1000a_0.1	972.98
LR	2w_1000a_0.1	939.99
LR	2w_1000a_0.1	928.47
LR	2w_1000a_0.1	1103.78
LR	2w_1000a_0.1	907.13
LR	2w_1000a_0.1	1093.16
LR	2w_1000a_0.1	1039.36
LR	2w_1000a_0.1	1033.57
LR	2w_1000a_0.1	1119.13
LR	2w_1000a_0.1	1002.64
LR	2w_1000a_0.1	1045.11
LR	2w_1000a_0.1	989.64
LR	2w_1000a_0.1	1034.62
LR	2w_1000a_0.1	872.78
LR	2w_1000a_0.1	927.6
LR	2w_1000a_0.1	948.72
LR	2w_1000a_0.1	997.68
LR	2w_1000a_0.1	1003.85
LR	2w_1000a_0.2	998.99
LR	2w_1000a_0.2	856.14
LR	2w_1000a_0.2	962.15
LR	2w_1000a_0.2	1034.43
LR	2w_1000a_0.2	945.03
LR	2w_1000a_0.2	747.73
LR	2w_1000a_0.2	1039.58
LR	2w_1000a_0.2	661.17
LR	2w_1000a_0.2	1171.74
LR	2w_1000a_0.2	866.36
LR	2w_1000a_0.2	946.43
LR	2w_1000a_0.2	1044.01
LR	2w_1000a_0.2	696.32
LR	2w_1000a_0.2	1083.57
LR	2w_1000a_0.2	887.84
LR	2w_1000a_0.2	831.42
LR	2w_1000a_0.2	1052.69
LR	2w_1000a_0.2	857.35
LR	2w_1000a_0.2	1115.2
LR	2w_1000a_0.2	1037.29
LR	2w_1000a_0.2	994.41
LR	2w_1000a_0.2	1107.82
LR	2w_1000a_0.2	798.6
LR	2w_1000a_0.2	721.52
LR	2w_1000a_0.2	1106.81
LR	2w_1000a_0.2	618.41
LR	2w_1000a_0.2	961.54
LR	2w_1000a_0.2	832.97
LR	2w_1000a_0.2	1158.84
LR	2w_1000a_0.2	707.35
LR	2w_1000a_0.4	2435.04
LR	2w_1000a_0.4	1636.43
LR	2w_1000a_0.4	1438.24
LR	2w_1000a_0.4	907.06
LR	2w_1000a_0.4	1068.5
LR	2w_1000a_0.4	1541.5
LR	2w_1000a_0.4	1255.5
LR	2w_1000a_0.4	954.38
LR	2w_1000a_0.4	2257.38
LR	2w_1000a_0.4	2648.86
LR	2w_1000a_0.4	2307.04
LR	2w_1000a_0.4	2427.56
LR	2w_1000a_0.4	1027.26
LR	2w_1000a_0.4	1860.63
LR	2w_1000a_0.4	2318.02
LR	2w_1000a_0.4	2545.23
LR	2w_1000a_0.4	2078.68
LR	2w_1000a_0.4	1691.68
LR	2w_1000a_0.4	1745.92
LR	2w_1000a_0.4	2082.43
LR	2w_1000a_0.4	2639.61
LR	2w_1000a_0.4	1745.64
LR	2w_1000a_0.4	1668.15
LR	2w_1000a_0.4	2208.88
LR	2w_1000a_0.4	1294.99
LR	2w_1000a_0.4	1543.06
LR	2w_1000a_0.4	1545.63
LR	2w_1000a_0.4	1465.46
LR	2w_1000a_0.4	1545.24
LR	2w_1000a_0.4	1512.48
LR	2w_5000a_0.05	597.21
LR	2w_5000a_0.05	404.03
LR	2w_5000a_0.05	525.5
LR	2w_5000a_0.05	650.16
LR	2w_5000a_0.05	521.82
LR	2w_5000a_0.05	634.57
LR	2w_5000a_0.05	609.77
LR	2w_5000a_0.05	410.37
LR	2w_5000a_0.05	597.54
LR	2w_5000a_0.05	539.39
LR	2w_5000a_0.05	395.82
LR	2w_5000a_0.05	726.66
LR	2w_5000a_0.05	682.51
LR	2w_5000a_0.05	621.29
LR	2w_5000a_0.05	632.23
LR	2w_5000a_0.05	609.99
LR	2w_5000a_0.05	555.62
LR	2w_5000a_0.05	651.89
LR	2w_5000a_0.05	527.62
LR	2w_5000a_0.05	604.61
LR	2w_5000a_0.05	585.78
LR	2w_5000a_0.05	393.68
LR	2w_5000a_0.05	401.39
LR	2w_5000a_0.05	402.05
LR	2w_5000a_0.05	602.5
LR	2w_5000a_0.05	782.67
LR	2w_5000a_0.05	404.65
LR	2w_5000a_0.05	551.83
LR	2w_5000a_0.05	437.2
LR	2w_5000a_0.05	590.86
LR	2w_5000a_0.1	786.63
LR	2w_5000a_0.1	450.94
LR	2w_5000a_0.1	446.49
LR	2w_5000a_0.1	765.02
LR	2w_5000a_0.1	712.38
LR	2w_5000a_0.1	455.9
LR	2w_5000a_0.1	640.94
LR	2w_5000a_0.1	788.76
LR	2w_5000a_0.1	755.6
LR	2w_5000a_0.1	475.5
LR	2w_5000a_0.1	743.32
LR	2w_5000a_0.1	678.89
LR	2w_5000a_0.1	751.57
LR	2w_5000a_0.1	672.02
LR	2w_5000a_0.1	666.06
LR	2w_5000a_0.1	737.77
LR	2w_5000a_0.1	774.56
LR	2w_5000a_0.1	739.65
LR	2w_5000a_0.1	778.94
LR	2w_5000a_0.1	796.46
LR	2w_5000a_0.1	723.29
LR	2w_5000a_0.1	750.98
LR	2w_5000a_0.1	444.73
LR	2w_5000a_0.1	452.1
LR	2w_5000a_0.1	756.55
LR	2w_5000a_0.1	449.57
LR	2w_5000a_0.1	447.9
LR	2w_5000a_0.1	772.55
LR	2w_5000a_0.1	767.09
LR	2w_5000a_0.1	762.28
LR	2w_5000a_0.2	684.86
LR	2w_5000a_0.2	703.31
LR	2w_5000a_0.2	479.25
LR	2w_5000a_0.2	648.83
LR	2w_5000a_0.2	626.16
LR	2w_5000a_0.2	482.99
LR	2w_5000a_0.2	485.35
LR	2w_5000a_0.2	667.17
LR	2w_5000a_0.2	485.47
LR	2w_5000a_0.2	602.3
LR	2w_5000a_0.2	482.49
LR	2w_5000a_0.2	642.31
LR	2w_5000a_0.2	634.94
LR	2w_5000a_0.2	483.62
LR	2w_5000a_0.2	642.01
LR	2w_5000a_0.2	679.19
LR	2w_5000a_0.2	719.13
LR	2w_5000a_0.2	691.17
LR	2w_5000a_0.2	672.28
LR	2w_5000a_0.2	640.14
LR	2w_5000a_0.2	726.61
LR	2w_5000a_0.2	712.65
LR	2w_5000a_0.2	640.49
LR	2w_5000a_0.2	482.07
LR	2w_5000a_0.2	481.4
LR	2w_5000a_0.2	624.82
LR	2w_5000a_0.2	491.16
LR	2w_5000a_0.2	685.66
LR	2w_5000a_0.2	697.25
LR	2w_5000a_0.2	659.03
LR	2w_5000a_0.4	612.19
LR	2w_5000a_0.4	753.24
LR	2w_5000a_0.4	658.74
LR	2w_5000a_0.4	721.81
LR	2w_5000a_0.4	428.26
LR	2w_5000a_0.4	719.57
LR	2w_5000a_0.4	694.82
LR	2w_5000a_0.4	543.45
LR	2w_5000a_0.4	727.3
LR	2w_5000a_0.4	429.79
LR	2w_5000a_0.4	707.05
LR	2w_5000a_0.4	660.97
LR	2w_5000a_0.4	434.61
LR	2w_5000a_0.4	753.07
LR	2w_5000a_0.4	486.01
LR	2w_5000a_0.4	441.44
LR	2w_5000a_0.4	747.34
LR	2w_5000a_0.4	403.47
LR	2w_5000a_0.4	633.88
LR	2w_5000a_0.4	666.92
LR	2w_5000a_0.4	395.91
LR	2w_5000a_0.4	528.84
LR	2w_5000a_0.4	412.59
LR	2w_5000a_0.4	595.58
LR	2w_5000a_0.4	731.69
LR	2w_5000a_0.4	429.71
LR	2w_5000a_0.4	717.3
LR	2w_5000a_0.4	701.86
LR	2w_5000a_0.4	422.75
LR	2w_5000a_0.4	424.78
